--product_transaction

--client transaction 1
INSERT INTO PRODUCT_TRANSACTIONS (TRANSACTION_ID, TYPE, COUNTERPARTY_ID, PICKUP_DATE, STATUS)
VALUES (1, 'CLIENT_TRANSACTION', 17, TO_DATE('20-FEB-23', 'DD-MON-RR'), 'COMPLETED');


--client transaction 2
INSERT INTO PRODUCT_TRANSACTIONS (TRANSACTION_ID, TYPE, COUNTERPARTY_ID, PICKUP_DATE, STATUS)
VALUES (2, 'CLIENT_TRANSACTION', 18, TO_DATE('20-MAR-22', 'DD-MON-RR'), 'COMPLETED');



--client transaction 3
INSERT INTO PRODUCT_TRANSACTIONS (TRANSACTION_ID, TYPE, COUNTERPARTY_ID, PICKUP_DATE, STATUS)
VALUES (3, 'CLIENT_TRANSACTION', 19, TO_DATE('12-MAR-24', 'DD-MON-RR'), 'PENDING');



--client transaction 4
INSERT INTO PRODUCT_TRANSACTIONS (TRANSACTION_ID, TYPE, COUNTERPARTY_ID, PICKUP_DATE, STATUS)
VALUES (4, 'CLIENT_TRANSACTION', 21, TO_DATE('15-MAR-24', 'DD-MON-RR'), 'PENDING');



--client transaction 5
INSERT INTO PRODUCT_TRANSACTIONS (TRANSACTION_ID, TYPE, COUNTERPARTY_ID, PICKUP_DATE, STATUS)
VALUES (5, 'CLIENT_TRANSACTION', 28, TO_DATE('20-JAN-23', 'DD-MON-RR'), 'COMPLETED');


--client transaction 6
INSERT INTO PRODUCT_TRANSACTIONS (TRANSACTION_ID, TYPE, COUNTERPARTY_ID, PICKUP_DATE, STATUS)
VALUES (PTRANSACTION_ID_SEQ.NEXTVAL, 'CLIENT_TRANSACTION', 28, TO_DATE('20-4-24', 'DD-MM-RR'), 'PENDING');

INSERT INTO ORDER_PRODUCTS (ORDER_ID, PRODUCT_ID, QUANTITY, PRICE) VALUES (20, 12, 7, 200000);
INSERT INTO ORDER_PRODUCTS (ORDER_ID, PRODUCT_ID, QUANTITY, PRICE) VALUES (20, 14, 11, 280000);
INSERT INTO ORDER_PRODUCTS (ORDER_ID, PRODUCT_ID, QUANTITY, PRICE) VALUES (20, 40, 15, 67500);
INSERT INTO ORDER_PRODUCTS (ORDER_ID, PRODUCT_ID, QUANTITY, PRICE) VALUES (20, 28, 20, 80000);
INSERT INTO ORDER_PRODUCTS (ORDER_ID, PRODUCT_ID, QUANTITY, PRICE) VALUES (20, 5, 13, 555000);
INSERT INTO ORDER_PRODUCTS (ORDER_ID, PRODUCT_ID, QUANTITY, PRICE) VALUES (20, 24, 2, 40000);

INSERT INTO FINANCIAL_TRANSACTIONS (FINANCIAL_TRANSACTION_ID, TYPE, PRODUCT_TRANSACTION_ID, METHOD, FROM_ACCOUNT, TO_ACCOUNT, STATUS, CURRENCY, AMOUNT)
VALUES (30, 'CLIENT_ORDER_PAYMENT', 20, 'Credit Card', 28, 1, 'PENDING', 'TAKA', 2182500);
--SHIIPPING CLIENT ORDER 3

-----------------------------------------------------------------------------------------------------------------------

--PO 1

INSERT INTO PRODUCT_TRANSACTIONS (TRANSACTION_ID, TYPE, COUNTERPARTY_ID, PICKUP_DATE, STATUS)
VALUES (6, 'PURCHASE_TRANSACTION', 2, TO_DATE('20-JAN-22', 'DD-MON-RR'), 'COMPLETED');
--PO 2
INSERT INTO PRODUCT_TRANSACTIONS (TRANSACTION_ID, TYPE, COUNTERPARTY_ID, PICKUP_DATE, STATUS)
VALUES (7, 'PURCHASE_TRANSACTION', 3, TO_DATE('20-JAN-23', 'DD-MON-RR'), 'COMPLETED');
--PO3
INSERT INTO PRODUCT_TRANSACTIONS (TRANSACTION_ID, TYPE, COUNTERPARTY_ID, PICKUP_DATE, STATUS)
VALUES (8, 'PURCHASE_TRANSACTION', 4, TO_DATE('20-MAY-23', 'DD-MON-RR'), 'COMPLETED');
--PO 4
INSERT INTO PRODUCT_TRANSACTIONS (TRANSACTION_ID, TYPE, COUNTERPARTY_ID, PICKUP_DATE, STATUS)
VALUES (9, 'PURCHASE_TRANSACTION', 5, TO_DATE('20-MAR-24', 'DD-MON-RR'), 'PENDING');
--po 5
INSERT INTO PRODUCT_TRANSACTIONS (TRANSACTION_ID, TYPE, COUNTERPARTY_ID, PICKUP_DATE, STATUS)
VALUES (10, 'PURCHASE_TRANSACTION', 6, TO_DATE('12-MAR-24', 'DD-MON-RR'), 'PENDING');
---------------------------------------------------------------------------------------------------------------

--FOR SUPPLY REQ 1-P1
INSERT INTO PRODUCT_TRANSACTIONS (TRANSACTION_ID, TYPE, COUNTERPARTY_ID, PICKUP_DATE, STATUS)
VALUES (11, 'CONFIRMED_SUPPLY', 12, TO_DATE('5-MAR-23', 'DD-MON-RR'), 'COMPLETED');
--INSERT INTO CONFIRMED_SUPPLY
INSERT INTO CONFIRMED_SUPPLY (SUPPLY_ID, REQUEST_ID)
VALUES (11, 1);
-- Insert into CONFIRMED_SUPPLY_PRODUCTS
INSERT INTO CONFIRMED_SUPPLY_PRODUCTS (SUPPLY_ID, PRODUCT_ID, QUANTITY)
VALUES (11, 1, 5);

--FOR SUPPLY REQ 1-P2
INSERT INTO PRODUCT_TRANSACTIONS (TRANSACTION_ID, TYPE, COUNTERPARTY_ID, PICKUP_DATE, STATUS)
VALUES (12, 'CONFIRMED_SUPPLY', 12, TO_DATE('15-MAR-23', 'DD-MON-RR'), 'COMPLETED');
--INSERT INTO CONFIRMED_SUPPLY
INSERT INTO CONFIRMED_SUPPLY (SUPPLY_ID, REQUEST_ID)
VALUES (12, 1);
-- Insert into CONFIRMED_SUPPLY_PRODUCTS
INSERT INTO CONFIRMED_SUPPLY_PRODUCTS (SUPPLY_ID, PRODUCT_ID, QUANTITY)
VALUES (12, 2, 5);
--------------
--FOR SUPPLY REQ 2-P1
INSERT INTO PRODUCT_TRANSACTIONS (TRANSACTION_ID, TYPE, COUNTERPARTY_ID, PICKUP_DATE, STATUS)
VALUES (13, 'CONFIRMED_SUPPLY', 13, TO_DATE('5-MAR-22', 'DD-MON-RR'), 'COMPLETED');
--INSERT INTO CONFIRMED_SUPPLY
INSERT INTO CONFIRMED_SUPPLY (SUPPLY_ID, REQUEST_ID)
VALUES (13, 2);
-- Insert into CONFIRMED_SUPPLY_PRODUCTS
INSERT INTO CONFIRMED_SUPPLY_PRODUCTS (SUPPLY_ID, PRODUCT_ID, QUANTITY)
VALUES (13, 3, 3);
INSERT INTO CONFIRMED_SUPPLY_PRODUCTS (SUPPLY_ID, PRODUCT_ID, QUANTITY)
VALUES (13, 12, 7);

--FOR SUPPLY REQ 2-P2
INSERT INTO PRODUCT_TRANSACTIONS (TRANSACTION_ID, TYPE, COUNTERPARTY_ID, PICKUP_DATE, STATUS)
VALUES (14, 'CONFIRMED_SUPPLY', 13, TO_DATE('15-MAR-22', 'DD-MON-RR'), 'COMPLETED');
--INSERT INTO CONFIRMED_SUPPLY
INSERT INTO CONFIRMED_SUPPLY (SUPPLY_ID, REQUEST_ID)
VALUES (14, 2);
-- Insert into CONFIRMED_SUPPLY_PRODUCTS
INSERT INTO CONFIRMED_SUPPLY_PRODUCTS (SUPPLY_ID, PRODUCT_ID, QUANTITY)
VALUES (14, 3, 2);
INSERT INTO CONFIRMED_SUPPLY_PRODUCTS (SUPPLY_ID, PRODUCT_ID, QUANTITY)
VALUES (14, 12, 6);
--------------

--FOR SUPPLY REQ 3-P1
INSERT INTO PRODUCT_TRANSACTIONS (TRANSACTION_ID, TYPE, COUNTERPARTY_ID, PICKUP_DATE, STATUS)
VALUES (15, 'CONFIRMED_SUPPLY', 13, TO_DATE('2-MAR-24', 'DD-MON-RR'), 'COMPLETED');
--INSERT INTO CONFIRMED_SUPPLY
INSERT INTO CONFIRMED_SUPPLY (SUPPLY_ID, REQUEST_ID)
VALUES (15, 3);
-- Insert into CONFIRMED_SUPPLY_PRODUCTS
INSERT INTO CONFIRMED_SUPPLY_PRODUCTS (SUPPLY_ID, PRODUCT_ID, QUANTITY)
VALUES (15, 3, 5);
INSERT INTO CONFIRMED_SUPPLY_PRODUCTS (SUPPLY_ID, PRODUCT_ID, QUANTITY)
VALUES (15, 27, 5);

----------
--FOR SUPPLY REQ 4-P1
INSERT INTO PRODUCT_TRANSACTIONS (TRANSACTION_ID, TYPE, COUNTERPARTY_ID, PICKUP_DATE, STATUS)
VALUES (16, 'CONFIRMED_SUPPLY', 14, TO_DATE('29-FEB-24', 'DD-MON-RR'), 'COMPLETED');
--INSERT INTO CONFIRMED_SUPPLY
INSERT INTO CONFIRMED_SUPPLY (SUPPLY_ID, REQUEST_ID)
VALUES (16, 4);
-- Insert into CONFIRMED_SUPPLY_PRODUCTS
INSERT INTO CONFIRMED_SUPPLY_PRODUCTS (SUPPLY_ID, PRODUCT_ID, QUANTITY)
VALUES (16, 34, 7);
INSERT INTO CONFIRMED_SUPPLY_PRODUCTS (SUPPLY_ID, PRODUCT_ID, QUANTITY)
VALUES (16, 37, 10);

--FOR SUPPLY REQ 4-P2
INSERT INTO PRODUCT_TRANSACTIONS (TRANSACTION_ID, TYPE, COUNTERPARTY_ID, PICKUP_DATE, STATUS)
VALUES (17, 'CONFIRMED_SUPPLY', 14, TO_DATE('4-MAR-24', 'DD-MON-RR'), 'PENDING');
--INSERT INTO CONFIRMED_SUPPLY
INSERT INTO CONFIRMED_SUPPLY (SUPPLY_ID, REQUEST_ID)
VALUES (17, 4);
-- Insert into CONFIRMED_SUPPLY_PRODUCTS
INSERT INTO CONFIRMED_SUPPLY_PRODUCTS (SUPPLY_ID, PRODUCT_ID, QUANTITY)
VALUES (17, 34, 8);
INSERT INTO CONFIRMED_SUPPLY_PRODUCTS (SUPPLY_ID, PRODUCT_ID, QUANTITY)
VALUES (17, 37, 10);

--------------------------
--FOR SUPPLY REQ 5-P1
INSERT INTO PRODUCT_TRANSACTIONS (TRANSACTION_ID, TYPE, COUNTERPARTY_ID, PICKUP_DATE, STATUS)
VALUES (18, 'CONFIRMED_SUPPLY', 16, TO_DATE('7-MAR-24', 'DD-MON-RR'), 'PENDING');
--INSERT INTO CONFIRMED_SUPPLY
INSERT INTO CONFIRMED_SUPPLY (SUPPLY_ID, REQUEST_ID)
VALUES (18, 5);
-- Insert into CONFIRMED_SUPPLY_PRODUCTS
INSERT INTO CONFIRMED_SUPPLY_PRODUCTS (SUPPLY_ID, PRODUCT_ID, QUANTITY)
VALUES (18, 16, 5);





















































